t,x,y,dxdt,dydt
0.0,400.0,0.0,0.0,0.0408
2.0,399.99999165585865,0.0816000004221198,-8.344141359387236e-06,0.0408000004221198
4.0,399.9999666234355,0.16319999998621026,-1.6688281799827105e-05,0.040799999141970675
6.0,399.99992490273274,0.24479999528773355,-2.5032420976783578e-05,0.04079999615955262
8.0,399.99986649375325,0.3263999829221519,-3.337655854572103e-05,0.040799991474865696
10.0,399.99979139650054,0.4079999594849276,-4.172069416210422e-05,0.04079998508791003
