t,x,y,dxdt,dydt
0.0,0.0,0.0,0.0,0.0
2.0,5.553730289673374e-09,4.719442789673374e-09,5.553730289673374e-09,4.719442789673374e-09
4.0,2.2210375154631237e-08,1.888248312574884e-08,1.1102914575284488e-08,9.443597546402092e-09
6.0,4.996083833933265e-08,4.24985407264184e-08,1.6647548609416928e-08,1.417246005426747e-08
8.0,8.879601509698752e-08,7.557702687442507e-08,2.218762814823794e-08,1.890602609373919e-08
10.0,1.3870679219672638e-07,1.1812734440984193e-07,2.7723148951500932e-08,2.364429144167768e-08
