t,x,y,dxdt,dydt
0.0,100.0,100.0,-0.04814,0.04814
2.0,99.90367280683846,100.09623280514998,-0.04818719316153735,0.04809280514998347
4.0,99.80725127281296,100.19237117518253,-0.04823434086395302,0.04804556488256531
6.0,99.7107354888839,100.288415019305,-0.04828144306511739,0.04799827923990471
8.0,99.61412554609585,100.38436424680911,-0.048328499722936666,0.04795094826419692
10.0,99.51742153557755,100.48021876707098,-0.04837551079535291,0.0479035719976732
